{
  "project": "Visit with Us - Wellness Tourism Package Purchase Prediction",
  "best_model_name": "Random Forest",
  "selection_metric": "cross_validated_f1",
  "best_cross_validation_result": {
    "model_name": "Random Forest",
    "best_cv_f1_score": 0.6556767042734782,
    "best_cv_precision": 0.7183855993982576,
    "best_cv_recall": 0.6040914278567296,
    "best_cv_roc_auc": 0.9120397838633135,
    "best_params": {
      "classifier__max_depth": null,
      "classifier__min_samples_leaf": 3
    }
  },
  "default_threshold": 0.5,
  "recommended_threshold": 0.4,
  "best_params": {
    "classifier__max_depth": null,
    "classifier__min_samples_leaf": 3
  },
  "metrics_at_default_threshold": {
    "threshold": 0.5,
    "accuracy": 0.8966376089663761,
    "precision": 0.7727272727272727,
    "recall": 0.6580645161290323,
    "f1": 0.710801393728223,
    "roc_auc": 0.9306352050975707,
    "average_precision": 0.7877457171831153,
    "confusion_matrix": [
      [
        618,
        30
      ],
      [
        53,
        102
      ]
    ]
  },
  "metrics_at_recommended_threshold": {
    "threshold": 0.4,
    "accuracy": 0.8667496886674969,
    "precision": 0.6224489795918368,
    "recall": 0.7870967741935484,
    "f1": 0.6951566951566952,
    "roc_auc": 0.9306352050975707,
    "average_precision": 0.7877457171831153,
    "confusion_matrix": [
      [
        574,
        74
      ],
      [
        33,
        122
      ]
    ]
  },
  "business_interpretation": "Use predicted probability to prioritize high-potential customers before campaign outreach."
}